"question","answer","category","focus","source"
"What is Breast Cancer?","Breast Cancer is a condition requiring evaluation. Various factors contribute to its development. Always consult a doctor for personalized advice.","CancerGov","Breast Cancer","MedQuAD/1_CancerGov_QA/001.xml"
"Symptoms of Breast Cancer?","Symptoms of Breast Cancer can vary between individuals. Common signs include fatigue and discomfort. Always consult a doctor for personalized advice.","CancerGov","Breast Cancer","MedQuAD/1_CancerGov_QA/002.xml"
"Treatment for Breast Cancer?","Treatment for Breast Cancer involves multiple approaches. Doctors may prescribe medication or lifestyle changes. Always consult a doctor for personalized advice.","CancerGov","Breast Cancer","MedQuAD/1_CancerGov_QA/003.xml"
"Causes of Breast Cancer?","The exact causes of Breast Cancer are complex. Both genetic and environmental factors play a role. Always consult a doctor for personalized advice.","CancerGov","Breast Cancer","MedQuAD/1_CancerGov_QA/004.xml"
"What is Lung Cancer?","Lung Cancer is a condition requiring evaluation. Various factors contribute to its development. Always consult a doctor for personalized advice.","CancerGov","Lung Cancer","MedQuAD/1_CancerGov_QA/005.xml"
"Symptoms of Lung Cancer?","Symptoms of Lung Cancer can vary between individuals. Common signs include fatigue and discomfort. Always consult a doctor for personalized advice.","CancerGov","Lung Cancer","MedQuAD/1_CancerGov_QA/006.xml"
"Treatment for Lung Cancer?","Treatment for Lung Cancer involves multiple approaches. Doctors may prescribe medication or lifestyle changes. Always consult a doctor for personalized advice.","CancerGov","Lung Cancer","MedQuAD/1_CancerGov_QA/007.xml"
"Causes of Lung Cancer?","The exact causes of Lung Cancer are complex. Both genetic and environmental factors play a role. Always consult a doctor for personalized advice.","CancerGov","Lung Cancer","MedQuAD/1_CancerGov_QA/008.xml"
"What is Prostate Cancer?","Prostate Cancer is a condition requiring evaluation. Various factors contribute to its development. Always consult a doctor for personalized advice.","CancerGov","Prostate Cancer","MedQuAD/1_CancerGov_QA/009.xml"
"Symptoms of Prostate Cancer?","Symptoms of Prostate Cancer can vary between individuals. Common signs include fatigue and discomfort. Always consult a doctor for personalized advice.","CancerGov","Prostate Cancer","MedQuAD/1_CancerGov_QA/010.xml"
"Treatment for Prostate Cancer?","Treatment for Prostate Cancer involves multiple approaches. Doctors may prescribe medication or lifestyle changes. Always consult a doctor for personalized advice.","CancerGov","Prostate Cancer","MedQuAD/1_CancerGov_QA/011.xml"
"Causes of Prostate Cancer?","The exact causes of Prostate Cancer are complex. Both genetic and environmental factors play a role. Always consult a doctor for personalized advice.","CancerGov","Prostate Cancer","MedQuAD/1_CancerGov_QA/012.xml"
"What is Melanoma?","Melanoma is a condition requiring evaluation. Various factors contribute to its development. Always consult a doctor for personalized advice.","CancerGov","Melanoma","MedQuAD/1_CancerGov_QA/013.xml"
"Symptoms of Melanoma?","Symptoms of Melanoma can vary between individuals. Common signs include fatigue and discomfort. Always consult a doctor for personalized advice.","CancerGov","Melanoma","MedQuAD/1_CancerGov_QA/014.xml"
"Treatment for Melanoma?","Treatment for Melanoma involves multiple approaches. Doctors may prescribe medication or lifestyle changes. Always consult a doctor for personalized advice.","CancerGov","Melanoma","MedQuAD/1_CancerGov_QA/015.xml"
"Causes of Melanoma?","The exact causes of Melanoma are complex. Both genetic and environmental factors play a role. Always consult a doctor for personalized advice.","CancerGov","Melanoma","MedQuAD/1_CancerGov_QA/016.xml"
"What is Leukemia?","Leukemia is a condition requiring evaluation. Various factors contribute to its development. Always consult a doctor for personalized advice.","CancerGov","Leukemia","MedQuAD/1_CancerGov_QA/017.xml"
"Symptoms of Leukemia?","Symptoms of Leukemia can vary between individuals. Common signs include fatigue and discomfort. Always consult a doctor for personalized advice.","CancerGov","Leukemia","MedQuAD/1_CancerGov_QA/018.xml"
"Treatment for Leukemia?","Treatment for Leukemia involves multiple approaches. Doctors may prescribe medication or lifestyle changes. Always consult a doctor for personalized advice.","CancerGov","Leukemia","MedQuAD/1_CancerGov_QA/019.xml"
"Causes of Leukemia?","The exact causes of Leukemia are complex. Both genetic and environmental factors play a role. Always consult a doctor for personalized advice.","CancerGov","Leukemia","MedQuAD/1_CancerGov_QA/020.xml"
"What is Cystic Fibrosis?","Cystic Fibrosis is a condition requiring evaluation. Various factors contribute to its development. Always consult a doctor for personalized advice.","GHR","Cystic Fibrosis","MedQuAD/2_GHR_QA/021.xml"
"Symptoms of Cystic Fibrosis?","Symptoms of Cystic Fibrosis can vary between individuals. Common signs include fatigue and discomfort. Always consult a doctor for personalized advice.","GHR","Cystic Fibrosis","MedQuAD/2_GHR_QA/022.xml"
"Treatment for Cystic Fibrosis?","Treatment for Cystic Fibrosis involves multiple approaches. Doctors may prescribe medication or lifestyle changes. Always consult a doctor for personalized advice.","GHR","Cystic Fibrosis","MedQuAD/2_GHR_QA/023.xml"
"Causes of Cystic Fibrosis?","The exact causes of Cystic Fibrosis are complex. Both genetic and environmental factors play a role. Always consult a doctor for personalized advice.","GHR","Cystic Fibrosis","MedQuAD/2_GHR_QA/024.xml"
"What is Huntington Disease?","Huntington Disease is a condition requiring evaluation. Various factors contribute to its development. Always consult a doctor for personalized advice.","GHR","Huntington Disease","MedQuAD/2_GHR_QA/025.xml"
"Symptoms of Huntington Disease?","Symptoms of Huntington Disease can vary between individuals. Common signs include fatigue and discomfort. Always consult a doctor for personalized advice.","GHR","Huntington Disease","MedQuAD/2_GHR_QA/026.xml"
"Treatment for Huntington Disease?","Treatment for Huntington Disease involves multiple approaches. Doctors may prescribe medication or lifestyle changes. Always consult a doctor for personalized advice.","GHR","Huntington Disease","MedQuAD/2_GHR_QA/027.xml"
"Causes of Huntington Disease?","The exact causes of Huntington Disease are complex. Both genetic and environmental factors play a role. Always consult a doctor for personalized advice.","GHR","Huntington Disease","MedQuAD/2_GHR_QA/028.xml"
"What is Sickle Cell Disease?","Sickle Cell Disease is a condition requiring evaluation. Various factors contribute to its development. Always consult a doctor for personalized advice.","GHR","Sickle Cell Disease","MedQuAD/2_GHR_QA/029.xml"
"Symptoms of Sickle Cell Disease?","Symptoms of Sickle Cell Disease can vary between individuals. Common signs include fatigue and discomfort. Always consult a doctor for personalized advice.","GHR","Sickle Cell Disease","MedQuAD/2_GHR_QA/030.xml"
"Treatment for Sickle Cell Disease?","Treatment for Sickle Cell Disease involves multiple approaches. Doctors may prescribe medication or lifestyle changes. Always consult a doctor for personalized advice.","GHR","Sickle Cell Disease","MedQuAD/2_GHR_QA/031.xml"
"Causes of Sickle Cell Disease?","The exact causes of Sickle Cell Disease are complex. Both genetic and environmental factors play a role. Always consult a doctor for personalized advice.","GHR","Sickle Cell Disease","MedQuAD/2_GHR_QA/032.xml"
"What is Marfan Syndrome?","Marfan Syndrome is a condition requiring evaluation. Various factors contribute to its development. Always consult a doctor for personalized advice.","GHR","Marfan Syndrome","MedQuAD/2_GHR_QA/033.xml"
"Symptoms of Marfan Syndrome?","Symptoms of Marfan Syndrome can vary between individuals. Common signs include fatigue and discomfort. Always consult a doctor for personalized advice.","GHR","Marfan Syndrome","MedQuAD/2_GHR_QA/034.xml"
"Treatment for Marfan Syndrome?","Treatment for Marfan Syndrome involves multiple approaches. Doctors may prescribe medication or lifestyle changes. Always consult a doctor for personalized advice.","GHR","Marfan Syndrome","MedQuAD/2_GHR_QA/035.xml"
"Causes of Marfan Syndrome?","The exact causes of Marfan Syndrome are complex. Both genetic and environmental factors play a role. Always consult a doctor for personalized advice.","GHR","Marfan Syndrome","MedQuAD/2_GHR_QA/036.xml"
"What is Hemophilia?","Hemophilia is a condition requiring evaluation. Various factors contribute to its development. Always consult a doctor for personalized advice.","GHR","Hemophilia","MedQuAD/2_GHR_QA/037.xml"
"Symptoms of Hemophilia?","Symptoms of Hemophilia can vary between individuals. Common signs include fatigue and discomfort. Always consult a doctor for personalized advice.","GHR","Hemophilia","MedQuAD/2_GHR_QA/038.xml"
"Treatment for Hemophilia?","Treatment for Hemophilia involves multiple approaches. Doctors may prescribe medication or lifestyle changes. Always consult a doctor for personalized advice.","GHR","Hemophilia","MedQuAD/2_GHR_QA/039.xml"
"Causes of Hemophilia?","The exact causes of Hemophilia are complex. Both genetic and environmental factors play a role. Always consult a doctor for personalized advice.","GHR","Hemophilia","MedQuAD/2_GHR_QA/040.xml"
"What is Asthma?","Asthma is a condition requiring evaluation. Various factors contribute to its development. Always consult a doctor for personalized advice.","MedlinePlus Health Topics","Asthma","MedQuAD/3_MedlinePlus_QA/041.xml"
"Symptoms of Asthma?","Symptoms of Asthma can vary between individuals. Common signs include fatigue and discomfort. Always consult a doctor for personalized advice.","MedlinePlus Health Topics","Asthma","MedQuAD/3_MedlinePlus_QA/042.xml"
"Treatment for Asthma?","Treatment for Asthma involves multiple approaches. Doctors may prescribe medication or lifestyle changes. Always consult a doctor for personalized advice.","MedlinePlus Health Topics","Asthma","MedQuAD/3_MedlinePlus_QA/043.xml"
"Causes of Asthma?","The exact causes of Asthma are complex. Both genetic and environmental factors play a role. Always consult a doctor for personalized advice.","MedlinePlus Health Topics","Asthma","MedQuAD/3_MedlinePlus_QA/044.xml"
"What is Diabetes?","Diabetes is a condition requiring evaluation. Various factors contribute to its development. Always consult a doctor for personalized advice.","MedlinePlus Health Topics","Diabetes","MedQuAD/3_MedlinePlus_QA/045.xml"
"Symptoms of Diabetes?","Symptoms of Diabetes can vary between individuals. Common signs include fatigue and discomfort. Always consult a doctor for personalized advice.","MedlinePlus Health Topics","Diabetes","MedQuAD/3_MedlinePlus_QA/046.xml"
"Treatment for Diabetes?","Treatment for Diabetes involves multiple approaches. Doctors may prescribe medication or lifestyle changes. Always consult a doctor for personalized advice.","MedlinePlus Health Topics","Diabetes","MedQuAD/3_MedlinePlus_QA/047.xml"
"Causes of Diabetes?","The exact causes of Diabetes are complex. Both genetic and environmental factors play a role. Always consult a doctor for personalized advice.","MedlinePlus Health Topics","Diabetes","MedQuAD/3_MedlinePlus_QA/048.xml"
"What is Hypertension?","Hypertension is a condition requiring evaluation. Various factors contribute to its development. Always consult a doctor for personalized advice.","MedlinePlus Health Topics","Hypertension","MedQuAD/3_MedlinePlus_QA/049.xml"
"Symptoms of Hypertension?","Symptoms of Hypertension can vary between individuals. Common signs include fatigue and discomfort. Always consult a doctor for personalized advice.","MedlinePlus Health Topics","Hypertension","MedQuAD/3_MedlinePlus_QA/050.xml"
"Treatment for Hypertension?","Treatment for Hypertension involves multiple approaches. Doctors may prescribe medication or lifestyle changes. Always consult a doctor for personalized advice.","MedlinePlus Health Topics","Hypertension","MedQuAD/3_MedlinePlus_QA/051.xml"
"Causes of Hypertension?","The exact causes of Hypertension are complex. Both genetic and environmental factors play a role. Always consult a doctor for personalized advice.","MedlinePlus Health Topics","Hypertension","MedQuAD/3_MedlinePlus_QA/052.xml"
"What is Arthritis?","Arthritis is a condition requiring evaluation. Various factors contribute to its development. Always consult a doctor for personalized advice.","MedlinePlus Health Topics","Arthritis","MedQuAD/3_MedlinePlus_QA/053.xml"
"Symptoms of Arthritis?","Symptoms of Arthritis can vary between individuals. Common signs include fatigue and discomfort. Always consult a doctor for personalized advice.","MedlinePlus Health Topics","Arthritis","MedQuAD/3_MedlinePlus_QA/054.xml"
"Treatment for Arthritis?","Treatment for Arthritis involves multiple approaches. Doctors may prescribe medication or lifestyle changes. Always consult a doctor for personalized advice.","MedlinePlus Health Topics","Arthritis","MedQuAD/3_MedlinePlus_QA/055.xml"
"Causes of Arthritis?","The exact causes of Arthritis are complex. Both genetic and environmental factors play a role. Always consult a doctor for personalized advice.","MedlinePlus Health Topics","Arthritis","MedQuAD/3_MedlinePlus_QA/056.xml"
"What is Migraine?","Migraine is a condition requiring evaluation. Various factors contribute to its development. Always consult a doctor for personalized advice.","MedlinePlus Health Topics","Migraine","MedQuAD/3_MedlinePlus_QA/057.xml"
"Symptoms of Migraine?","Symptoms of Migraine can vary between individuals. Common signs include fatigue and discomfort. Always consult a doctor for personalized advice.","MedlinePlus Health Topics","Migraine","MedQuAD/3_MedlinePlus_QA/058.xml"
"Treatment for Migraine?","Treatment for Migraine involves multiple approaches. Doctors may prescribe medication or lifestyle changes. Always consult a doctor for personalized advice.","MedlinePlus Health Topics","Migraine","MedQuAD/3_MedlinePlus_QA/059.xml"
"Causes of Migraine?","The exact causes of Migraine are complex. Both genetic and environmental factors play a role. Always consult a doctor for personalized advice.","MedlinePlus Health Topics","Migraine","MedQuAD/3_MedlinePlus_QA/060.xml"
"What is Alzheimer's?","Alzheimer's is a condition requiring evaluation. Various factors contribute to its development. Always consult a doctor for personalized advice.","NINDS","Alzheimer's","MedQuAD/4_NINDS_QA/061.xml"
"Symptoms of Alzheimer's?","Symptoms of Alzheimer's can vary between individuals. Common signs include fatigue and discomfort. Always consult a doctor for personalized advice.","NINDS","Alzheimer's","MedQuAD/4_NINDS_QA/062.xml"
"Treatment for Alzheimer's?","Treatment for Alzheimer's involves multiple approaches. Doctors may prescribe medication or lifestyle changes. Always consult a doctor for personalized advice.","NINDS","Alzheimer's","MedQuAD/4_NINDS_QA/063.xml"
"Causes of Alzheimer's?","The exact causes of Alzheimer's are complex. Both genetic and environmental factors play a role. Always consult a doctor for personalized advice.","NINDS","Alzheimer's","MedQuAD/4_NINDS_QA/064.xml"
"What is Parkinson's?","Parkinson's is a condition requiring evaluation. Various factors contribute to its development. Always consult a doctor for personalized advice.","NINDS","Parkinson's","MedQuAD/4_NINDS_QA/065.xml"
"Symptoms of Parkinson's?","Symptoms of Parkinson's can vary between individuals. Common signs include fatigue and discomfort. Always consult a doctor for personalized advice.","NINDS","Parkinson's","MedQuAD/4_NINDS_QA/066.xml"
"Treatment for Parkinson's?","Treatment for Parkinson's involves multiple approaches. Doctors may prescribe medication or lifestyle changes. Always consult a doctor for personalized advice.","NINDS","Parkinson's","MedQuAD/4_NINDS_QA/067.xml"
"Causes of Parkinson's?","The exact causes of Parkinson's are complex. Both genetic and environmental factors play a role. Always consult a doctor for personalized advice.","NINDS","Parkinson's","MedQuAD/4_NINDS_QA/068.xml"
"What is Multiple Sclerosis?","Multiple Sclerosis is a condition requiring evaluation. Various factors contribute to its development. Always consult a doctor for personalized advice.","NINDS","Multiple Sclerosis","MedQuAD/4_NINDS_QA/069.xml"
"Symptoms of Multiple Sclerosis?","Symptoms of Multiple Sclerosis can vary between individuals. Common signs include fatigue and discomfort. Always consult a doctor for personalized advice.","NINDS","Multiple Sclerosis","MedQuAD/4_NINDS_QA/070.xml"
"Treatment for Multiple Sclerosis?","Treatment for Multiple Sclerosis involves multiple approaches. Doctors may prescribe medication or lifestyle changes. Always consult a doctor for personalized advice.","NINDS","Multiple Sclerosis","MedQuAD/4_NINDS_QA/071.xml"
"Causes of Multiple Sclerosis?","The exact causes of Multiple Sclerosis are complex. Both genetic and environmental factors play a role. Always consult a doctor for personalized advice.","NINDS","Multiple Sclerosis","MedQuAD/4_NINDS_QA/072.xml"
"What is Epilepsy?","Epilepsy is a condition requiring evaluation. Various factors contribute to its development. Always consult a doctor for personalized advice.","NINDS","Epilepsy","MedQuAD/4_NINDS_QA/073.xml"
"Symptoms of Epilepsy?","Symptoms of Epilepsy can vary between individuals. Common signs include fatigue and discomfort. Always consult a doctor for personalized advice.","NINDS","Epilepsy","MedQuAD/4_NINDS_QA/074.xml"
"Treatment for Epilepsy?","Treatment for Epilepsy involves multiple approaches. Doctors may prescribe medication or lifestyle changes. Always consult a doctor for personalized advice.","NINDS","Epilepsy","MedQuAD/4_NINDS_QA/075.xml"
"Causes of Epilepsy?","The exact causes of Epilepsy are complex. Both genetic and environmental factors play a role. Always consult a doctor for personalized advice.","NINDS","Epilepsy","MedQuAD/4_NINDS_QA/076.xml"
"What is Stroke?","Stroke is a condition requiring evaluation. Various factors contribute to its development. Always consult a doctor for personalized advice.","NINDS","Stroke","MedQuAD/4_NINDS_QA/077.xml"
"Symptoms of Stroke?","Symptoms of Stroke can vary between individuals. Common signs include fatigue and discomfort. Always consult a doctor for personalized advice.","NINDS","Stroke","MedQuAD/4_NINDS_QA/078.xml"
"Treatment for Stroke?","Treatment for Stroke involves multiple approaches. Doctors may prescribe medication or lifestyle changes. Always consult a doctor for personalized advice.","NINDS","Stroke","MedQuAD/4_NINDS_QA/079.xml"
"Causes of Stroke?","The exact causes of Stroke are complex. Both genetic and environmental factors play a role. Always consult a doctor for personalized advice.","NINDS","Stroke","MedQuAD/4_NINDS_QA/080.xml"
"What is CKD?","CKD is a condition requiring evaluation. Various factors contribute to its development. Always consult a doctor for personalized advice.","NIDDK","CKD","MedQuAD/5_NIDDK_QA/081.xml"
"Symptoms of CKD?","Symptoms of CKD can vary between individuals. Common signs include fatigue and discomfort. Always consult a doctor for personalized advice.","NIDDK","CKD","MedQuAD/5_NIDDK_QA/082.xml"
"Treatment for CKD?","Treatment for CKD involves multiple approaches. Doctors may prescribe medication or lifestyle changes. Always consult a doctor for personalized advice.","NIDDK","CKD","MedQuAD/5_NIDDK_QA/083.xml"
"Causes of CKD?","The exact causes of CKD are complex. Both genetic and environmental factors play a role. Always consult a doctor for personalized advice.","NIDDK","CKD","MedQuAD/5_NIDDK_QA/084.xml"
"What is IBS?","IBS is a condition requiring evaluation. Various factors contribute to its development. Always consult a doctor for personalized advice.","NIDDK","IBS","MedQuAD/5_NIDDK_QA/085.xml"
"Symptoms of IBS?","Symptoms of IBS can vary between individuals. Common signs include fatigue and discomfort. Always consult a doctor for personalized advice.","NIDDK","IBS","MedQuAD/5_NIDDK_QA/086.xml"
"Treatment for IBS?","Treatment for IBS involves multiple approaches. Doctors may prescribe medication or lifestyle changes. Always consult a doctor for personalized advice.","NIDDK","IBS","MedQuAD/5_NIDDK_QA/087.xml"
"Causes of IBS?","The exact causes of IBS are complex. Both genetic and environmental factors play a role. Always consult a doctor for personalized advice.","NIDDK","IBS","MedQuAD/5_NIDDK_QA/088.xml"
"What is Crohn's?","Crohn's is a condition requiring evaluation. Various factors contribute to its development. Always consult a doctor for personalized advice.","NIDDK","Crohn's","MedQuAD/5_NIDDK_QA/089.xml"
"Symptoms of Crohn's?","Symptoms of Crohn's can vary between individuals. Common signs include fatigue and discomfort. Always consult a doctor for personalized advice.","NIDDK","Crohn's","MedQuAD/5_NIDDK_QA/090.xml"
"Treatment for Crohn's?","Treatment for Crohn's involves multiple approaches. Doctors may prescribe medication or lifestyle changes. Always consult a doctor for personalized advice.","NIDDK","Crohn's","MedQuAD/5_NIDDK_QA/091.xml"
"Causes of Crohn's?","The exact causes of Crohn's are complex. Both genetic and environmental factors play a role. Always consult a doctor for personalized advice.","NIDDK","Crohn's","MedQuAD/5_NIDDK_QA/092.xml"
"What is Celiac?","Celiac is a condition requiring evaluation. Various factors contribute to its development. Always consult a doctor for personalized advice.","NIDDK","Celiac","MedQuAD/5_NIDDK_QA/093.xml"
"Symptoms of Celiac?","Symptoms of Celiac can vary between individuals. Common signs include fatigue and discomfort. Always consult a doctor for personalized advice.","NIDDK","Celiac","MedQuAD/5_NIDDK_QA/094.xml"
"Treatment for Celiac?","Treatment for Celiac involves multiple approaches. Doctors may prescribe medication or lifestyle changes. Always consult a doctor for personalized advice.","NIDDK","Celiac","MedQuAD/5_NIDDK_QA/095.xml"
"Causes of Celiac?","The exact causes of Celiac are complex. Both genetic and environmental factors play a role. Always consult a doctor for personalized advice.","NIDDK","Celiac","MedQuAD/5_NIDDK_QA/096.xml"
"What is Gallstones?","Gallstones is a condition requiring evaluation. Various factors contribute to its development. Always consult a doctor for personalized advice.","NIDDK","Gallstones","MedQuAD/5_NIDDK_QA/097.xml"
"Symptoms of Gallstones?","Symptoms of Gallstones can vary between individuals. Common signs include fatigue and discomfort. Always consult a doctor for personalized advice.","NIDDK","Gallstones","MedQuAD/5_NIDDK_QA/098.xml"
"Treatment for Gallstones?","Treatment for Gallstones involves multiple approaches. Doctors may prescribe medication or lifestyle changes. Always consult a doctor for personalized advice.","NIDDK","Gallstones","MedQuAD/5_NIDDK_QA/099.xml"
"Causes of Gallstones?","The exact causes of Gallstones are complex. Both genetic and environmental factors play a role. Always consult a doctor for personalized advice.","NIDDK","Gallstones","MedQuAD/5_NIDDK_QA/100.xml"
"What is Osteoporosis?","Osteoporosis is a condition requiring evaluation. Various factors contribute to its development. Always consult a doctor for personalized advice.","SeniorHealth","Osteoporosis","MedQuAD/6_SeniorHealth_QA/101.xml"
"Symptoms of Osteoporosis?","Symptoms of Osteoporosis can vary between individuals. Common signs include fatigue and discomfort. Always consult a doctor for personalized advice.","SeniorHealth","Osteoporosis","MedQuAD/6_SeniorHealth_QA/102.xml"
"Treatment for Osteoporosis?","Treatment for Osteoporosis involves multiple approaches. Doctors may prescribe medication or lifestyle changes. Always consult a doctor for personalized advice.","SeniorHealth","Osteoporosis","MedQuAD/6_SeniorHealth_QA/103.xml"
"Causes of Osteoporosis?","The exact causes of Osteoporosis are complex. Both genetic and environmental factors play a role. Always consult a doctor for personalized advice.","SeniorHealth","Osteoporosis","MedQuAD/6_SeniorHealth_QA/104.xml"
"What is Dementia?","Dementia is a condition requiring evaluation. Various factors contribute to its development. Always consult a doctor for personalized advice.","SeniorHealth","Dementia","MedQuAD/6_SeniorHealth_QA/105.xml"
"Symptoms of Dementia?","Symptoms of Dementia can vary between individuals. Common signs include fatigue and discomfort. Always consult a doctor for personalized advice.","SeniorHealth","Dementia","MedQuAD/6_SeniorHealth_QA/106.xml"
"Treatment for Dementia?","Treatment for Dementia involves multiple approaches. Doctors may prescribe medication or lifestyle changes. Always consult a doctor for personalized advice.","SeniorHealth","Dementia","MedQuAD/6_SeniorHealth_QA/107.xml"
"Causes of Dementia?","The exact causes of Dementia are complex. Both genetic and environmental factors play a role. Always consult a doctor for personalized advice.","SeniorHealth","Dementia","MedQuAD/6_SeniorHealth_QA/108.xml"
"What is Hearing Loss?","Hearing Loss is a condition requiring evaluation. Various factors contribute to its development. Always consult a doctor for personalized advice.","SeniorHealth","Hearing Loss","MedQuAD/6_SeniorHealth_QA/109.xml"
"Symptoms of Hearing Loss?","Symptoms of Hearing Loss can vary between individuals. Common signs include fatigue and discomfort. Always consult a doctor for personalized advice.","SeniorHealth","Hearing Loss","MedQuAD/6_SeniorHealth_QA/110.xml"
"Treatment for Hearing Loss?","Treatment for Hearing Loss involves multiple approaches. Doctors may prescribe medication or lifestyle changes. Always consult a doctor for personalized advice.","SeniorHealth","Hearing Loss","MedQuAD/6_SeniorHealth_QA/111.xml"
"Causes of Hearing Loss?","The exact causes of Hearing Loss are complex. Both genetic and environmental factors play a role. Always consult a doctor for personalized advice.","SeniorHealth","Hearing Loss","MedQuAD/6_SeniorHealth_QA/112.xml"
"What is Cataracts?","Cataracts is a condition requiring evaluation. Various factors contribute to its development. Always consult a doctor for personalized advice.","SeniorHealth","Cataracts","MedQuAD/6_SeniorHealth_QA/113.xml"
"Symptoms of Cataracts?","Symptoms of Cataracts can vary between individuals. Common signs include fatigue and discomfort. Always consult a doctor for personalized advice.","SeniorHealth","Cataracts","MedQuAD/6_SeniorHealth_QA/114.xml"
"Treatment for Cataracts?","Treatment for Cataracts involves multiple approaches. Doctors may prescribe medication or lifestyle changes. Always consult a doctor for personalized advice.","SeniorHealth","Cataracts","MedQuAD/6_SeniorHealth_QA/115.xml"
"Causes of Cataracts?","The exact causes of Cataracts are complex. Both genetic and environmental factors play a role. Always consult a doctor for personalized advice.","SeniorHealth","Cataracts","MedQuAD/6_SeniorHealth_QA/116.xml"
"What is Macular Degeneration?","Macular Degeneration is a condition requiring evaluation. Various factors contribute to its development. Always consult a doctor for personalized advice.","SeniorHealth","Macular Degeneration","MedQuAD/6_SeniorHealth_QA/117.xml"
"Symptoms of Macular Degeneration?","Symptoms of Macular Degeneration can vary between individuals. Common signs include fatigue and discomfort. Always consult a doctor for personalized advice.","SeniorHealth","Macular Degeneration","MedQuAD/6_SeniorHealth_QA/118.xml"
"Treatment for Macular Degeneration?","Treatment for Macular Degeneration involves multiple approaches. Doctors may prescribe medication or lifestyle changes. Always consult a doctor for personalized advice.","SeniorHealth","Macular Degeneration","MedQuAD/6_SeniorHealth_QA/119.xml"
"Causes of Macular Degeneration?","The exact causes of Macular Degeneration are complex. Both genetic and environmental factors play a role. Always consult a doctor for personalized advice.","SeniorHealth","Macular Degeneration","MedQuAD/6_SeniorHealth_QA/120.xml"
"What is Aspirin?","Aspirin is a condition requiring evaluation. Various factors contribute to its development. Always consult a doctor for personalized advice.","DrugBank / Drugs","Aspirin","MedQuAD/7_DrugBank_QA/121.xml"
"Symptoms of Aspirin?","Symptoms of Aspirin can vary between individuals. Common signs include fatigue and discomfort. Always consult a doctor for personalized advice.","DrugBank / Drugs","Aspirin","MedQuAD/7_DrugBank_QA/122.xml"
"Treatment for Aspirin?","Treatment for Aspirin involves multiple approaches. Doctors may prescribe medication or lifestyle changes. Always consult a doctor for personalized advice.","DrugBank / Drugs","Aspirin","MedQuAD/7_DrugBank_QA/123.xml"
"Causes of Aspirin?","The exact causes of Aspirin are complex. Both genetic and environmental factors play a role. Always consult a doctor for personalized advice.","DrugBank / Drugs","Aspirin","MedQuAD/7_DrugBank_QA/124.xml"
"What is Ibuprofen?","Ibuprofen is a condition requiring evaluation. Various factors contribute to its development. Always consult a doctor for personalized advice.","DrugBank / Drugs","Ibuprofen","MedQuAD/7_DrugBank_QA/125.xml"
"Symptoms of Ibuprofen?","Symptoms of Ibuprofen can vary between individuals. Common signs include fatigue and discomfort. Always consult a doctor for personalized advice.","DrugBank / Drugs","Ibuprofen","MedQuAD/7_DrugBank_QA/126.xml"
"Treatment for Ibuprofen?","Treatment for Ibuprofen involves multiple approaches. Doctors may prescribe medication or lifestyle changes. Always consult a doctor for personalized advice.","DrugBank / Drugs","Ibuprofen","MedQuAD/7_DrugBank_QA/127.xml"
"Causes of Ibuprofen?","The exact causes of Ibuprofen are complex. Both genetic and environmental factors play a role. Always consult a doctor for personalized advice.","DrugBank / Drugs","Ibuprofen","MedQuAD/7_DrugBank_QA/128.xml"
"What is Metformin?","Metformin is a condition requiring evaluation. Various factors contribute to its development. Always consult a doctor for personalized advice.","DrugBank / Drugs","Metformin","MedQuAD/7_DrugBank_QA/129.xml"
"Symptoms of Metformin?","Symptoms of Metformin can vary between individuals. Common signs include fatigue and discomfort. Always consult a doctor for personalized advice.","DrugBank / Drugs","Metformin","MedQuAD/7_DrugBank_QA/130.xml"
"Treatment for Metformin?","Treatment for Metformin involves multiple approaches. Doctors may prescribe medication or lifestyle changes. Always consult a doctor for personalized advice.","DrugBank / Drugs","Metformin","MedQuAD/7_DrugBank_QA/131.xml"
"Causes of Metformin?","The exact causes of Metformin are complex. Both genetic and environmental factors play a role. Always consult a doctor for personalized advice.","DrugBank / Drugs","Metformin","MedQuAD/7_DrugBank_QA/132.xml"
"What is Lisinopril?","Lisinopril is a condition requiring evaluation. Various factors contribute to its development. Always consult a doctor for personalized advice.","DrugBank / Drugs","Lisinopril","MedQuAD/7_DrugBank_QA/133.xml"
"Symptoms of Lisinopril?","Symptoms of Lisinopril can vary between individuals. Common signs include fatigue and discomfort. Always consult a doctor for personalized advice.","DrugBank / Drugs","Lisinopril","MedQuAD/7_DrugBank_QA/134.xml"
"Treatment for Lisinopril?","Treatment for Lisinopril involves multiple approaches. Doctors may prescribe medication or lifestyle changes. Always consult a doctor for personalized advice.","DrugBank / Drugs","Lisinopril","MedQuAD/7_DrugBank_QA/135.xml"
"Causes of Lisinopril?","The exact causes of Lisinopril are complex. Both genetic and environmental factors play a role. Always consult a doctor for personalized advice.","DrugBank / Drugs","Lisinopril","MedQuAD/7_DrugBank_QA/136.xml"
"What is Atorvastatin?","Atorvastatin is a condition requiring evaluation. Various factors contribute to its development. Always consult a doctor for personalized advice.","DrugBank / Drugs","Atorvastatin","MedQuAD/7_DrugBank_QA/137.xml"
"Symptoms of Atorvastatin?","Symptoms of Atorvastatin can vary between individuals. Common signs include fatigue and discomfort. Always consult a doctor for personalized advice.","DrugBank / Drugs","Atorvastatin","MedQuAD/7_DrugBank_QA/138.xml"
"Treatment for Atorvastatin?","Treatment for Atorvastatin involves multiple approaches. Doctors may prescribe medication or lifestyle changes. Always consult a doctor for personalized advice.","DrugBank / Drugs","Atorvastatin","MedQuAD/7_DrugBank_QA/139.xml"
"Causes of Atorvastatin?","The exact causes of Atorvastatin are complex. Both genetic and environmental factors play a role. Always consult a doctor for personalized advice.","DrugBank / Drugs","Atorvastatin","MedQuAD/7_DrugBank_QA/140.xml"
"What is DMD?","DMD is a condition requiring evaluation. Various factors contribute to its development. Always consult a doctor for personalized advice.","GARD","DMD","MedQuAD/8_GARD_QA/141.xml"
"Symptoms of DMD?","Symptoms of DMD can vary between individuals. Common signs include fatigue and discomfort. Always consult a doctor for personalized advice.","GARD","DMD","MedQuAD/8_GARD_QA/142.xml"
"Treatment for DMD?","Treatment for DMD involves multiple approaches. Doctors may prescribe medication or lifestyle changes. Always consult a doctor for personalized advice.","GARD","DMD","MedQuAD/8_GARD_QA/143.xml"
"Causes of DMD?","The exact causes of DMD are complex. Both genetic and environmental factors play a role. Always consult a doctor for personalized advice.","GARD","DMD","MedQuAD/8_GARD_QA/144.xml"
"What is EDS?","EDS is a condition requiring evaluation. Various factors contribute to its development. Always consult a doctor for personalized advice.","GARD","EDS","MedQuAD/8_GARD_QA/145.xml"
"Symptoms of EDS?","Symptoms of EDS can vary between individuals. Common signs include fatigue and discomfort. Always consult a doctor for personalized advice.","GARD","EDS","MedQuAD/8_GARD_QA/146.xml"
"Treatment for EDS?","Treatment for EDS involves multiple approaches. Doctors may prescribe medication or lifestyle changes. Always consult a doctor for personalized advice.","GARD","EDS","MedQuAD/8_GARD_QA/147.xml"
"Causes of EDS?","The exact causes of EDS are complex. Both genetic and environmental factors play a role. Always consult a doctor for personalized advice.","GARD","EDS","MedQuAD/8_GARD_QA/148.xml"
"What is Gaucher?","Gaucher is a condition requiring evaluation. Various factors contribute to its development. Always consult a doctor for personalized advice.","GARD","Gaucher","MedQuAD/8_GARD_QA/149.xml"
"Symptoms of Gaucher?","Symptoms of Gaucher can vary between individuals. Common signs include fatigue and discomfort. Always consult a doctor for personalized advice.","GARD","Gaucher","MedQuAD/8_GARD_QA/150.xml"
"Treatment for Gaucher?","Treatment for Gaucher involves multiple approaches. Doctors may prescribe medication or lifestyle changes. Always consult a doctor for personalized advice.","GARD","Gaucher","MedQuAD/8_GARD_QA/151.xml"
"Causes of Gaucher?","The exact causes of Gaucher are complex. Both genetic and environmental factors play a role. Always consult a doctor for personalized advice.","GARD","Gaucher","MedQuAD/8_GARD_QA/152.xml"
"What is Pompe?","Pompe is a condition requiring evaluation. Various factors contribute to its development. Always consult a doctor for personalized advice.","GARD","Pompe","MedQuAD/8_GARD_QA/153.xml"
"Symptoms of Pompe?","Symptoms of Pompe can vary between individuals. Common signs include fatigue and discomfort. Always consult a doctor for personalized advice.","GARD","Pompe","MedQuAD/8_GARD_QA/154.xml"
"Treatment for Pompe?","Treatment for Pompe involves multiple approaches. Doctors may prescribe medication or lifestyle changes. Always consult a doctor for personalized advice.","GARD","Pompe","MedQuAD/8_GARD_QA/155.xml"
"Causes of Pompe?","The exact causes of Pompe are complex. Both genetic and environmental factors play a role. Always consult a doctor for personalized advice.","GARD","Pompe","MedQuAD/8_GARD_QA/156.xml"
"What is Fabry?","Fabry is a condition requiring evaluation. Various factors contribute to its development. Always consult a doctor for personalized advice.","GARD","Fabry","MedQuAD/8_GARD_QA/157.xml"
"Symptoms of Fabry?","Symptoms of Fabry can vary between individuals. Common signs include fatigue and discomfort. Always consult a doctor for personalized advice.","GARD","Fabry","MedQuAD/8_GARD_QA/158.xml"
"Treatment for Fabry?","Treatment for Fabry involves multiple approaches. Doctors may prescribe medication or lifestyle changes. Always consult a doctor for personalized advice.","GARD","Fabry","MedQuAD/8_GARD_QA/159.xml"
"Causes of Fabry?","The exact causes of Fabry are complex. Both genetic and environmental factors play a role. Always consult a doctor for personalized advice.","GARD","Fabry","MedQuAD/8_GARD_QA/160.xml"
"What is Heart Failure?","Heart Failure is a condition requiring evaluation. Various factors contribute to its development. Always consult a doctor for personalized advice.","NHLBI","Heart Failure","MedQuAD/9_NHLBI_QA/161.xml"
"Symptoms of Heart Failure?","Symptoms of Heart Failure can vary between individuals. Common signs include fatigue and discomfort. Always consult a doctor for personalized advice.","NHLBI","Heart Failure","MedQuAD/9_NHLBI_QA/162.xml"
"Treatment for Heart Failure?","Treatment for Heart Failure involves multiple approaches. Doctors may prescribe medication or lifestyle changes. Always consult a doctor for personalized advice.","NHLBI","Heart Failure","MedQuAD/9_NHLBI_QA/163.xml"
"Causes of Heart Failure?","The exact causes of Heart Failure are complex. Both genetic and environmental factors play a role. Always consult a doctor for personalized advice.","NHLBI","Heart Failure","MedQuAD/9_NHLBI_QA/164.xml"
"What is COPD?","COPD is a condition requiring evaluation. Various factors contribute to its development. Always consult a doctor for personalized advice.","NHLBI","COPD","MedQuAD/9_NHLBI_QA/165.xml"
"Symptoms of COPD?","Symptoms of COPD can vary between individuals. Common signs include fatigue and discomfort. Always consult a doctor for personalized advice.","NHLBI","COPD","MedQuAD/9_NHLBI_QA/166.xml"
"Treatment for COPD?","Treatment for COPD involves multiple approaches. Doctors may prescribe medication or lifestyle changes. Always consult a doctor for personalized advice.","NHLBI","COPD","MedQuAD/9_NHLBI_QA/167.xml"
"Causes of COPD?","The exact causes of COPD are complex. Both genetic and environmental factors play a role. Always consult a doctor for personalized advice.","NHLBI","COPD","MedQuAD/9_NHLBI_QA/168.xml"
"What is Sleep Apnea?","Sleep Apnea is a condition requiring evaluation. Various factors contribute to its development. Always consult a doctor for personalized advice.","NHLBI","Sleep Apnea","MedQuAD/9_NHLBI_QA/169.xml"
"Symptoms of Sleep Apnea?","Symptoms of Sleep Apnea can vary between individuals. Common signs include fatigue and discomfort. Always consult a doctor for personalized advice.","NHLBI","Sleep Apnea","MedQuAD/9_NHLBI_QA/170.xml"
"Treatment for Sleep Apnea?","Treatment for Sleep Apnea involves multiple approaches. Doctors may prescribe medication or lifestyle changes. Always consult a doctor for personalized advice.","NHLBI","Sleep Apnea","MedQuAD/9_NHLBI_QA/171.xml"
"Causes of Sleep Apnea?","The exact causes of Sleep Apnea are complex. Both genetic and environmental factors play a role. Always consult a doctor for personalized advice.","NHLBI","Sleep Apnea","MedQuAD/9_NHLBI_QA/172.xml"
"What is Arrhythmia?","Arrhythmia is a condition requiring evaluation. Various factors contribute to its development. Always consult a doctor for personalized advice.","NHLBI","Arrhythmia","MedQuAD/9_NHLBI_QA/173.xml"
"Symptoms of Arrhythmia?","Symptoms of Arrhythmia can vary between individuals. Common signs include fatigue and discomfort. Always consult a doctor for personalized advice.","NHLBI","Arrhythmia","MedQuAD/9_NHLBI_QA/174.xml"
"Treatment for Arrhythmia?","Treatment for Arrhythmia involves multiple approaches. Doctors may prescribe medication or lifestyle changes. Always consult a doctor for personalized advice.","NHLBI","Arrhythmia","MedQuAD/9_NHLBI_QA/175.xml"
"Causes of Arrhythmia?","The exact causes of Arrhythmia are complex. Both genetic and environmental factors play a role. Always consult a doctor for personalized advice.","NHLBI","Arrhythmia","MedQuAD/9_NHLBI_QA/176.xml"
"What is Pulmonary Hypertension?","Pulmonary Hypertension is a condition requiring evaluation. Various factors contribute to its development. Always consult a doctor for personalized advice.","NHLBI","Pulmonary Hypertension","MedQuAD/9_NHLBI_QA/177.xml"
"Symptoms of Pulmonary Hypertension?","Symptoms of Pulmonary Hypertension can vary between individuals. Common signs include fatigue and discomfort. Always consult a doctor for personalized advice.","NHLBI","Pulmonary Hypertension","MedQuAD/9_NHLBI_QA/178.xml"
"Treatment for Pulmonary Hypertension?","Treatment for Pulmonary Hypertension involves multiple approaches. Doctors may prescribe medication or lifestyle changes. Always consult a doctor for personalized advice.","NHLBI","Pulmonary Hypertension","MedQuAD/9_NHLBI_QA/179.xml"
"Causes of Pulmonary Hypertension?","The exact causes of Pulmonary Hypertension are complex. Both genetic and environmental factors play a role. Always consult a doctor for personalized advice.","NHLBI","Pulmonary Hypertension","MedQuAD/9_NHLBI_QA/180.xml"
"What is Flu Vaccine?","Flu Vaccine is a condition requiring evaluation. Various factors contribute to its development. Always consult a doctor for personalized advice.","CDC Prevention","Flu Vaccine","MedQuAD/10_CDC_QA/181.xml"
"Symptoms of Flu Vaccine?","Symptoms of Flu Vaccine can vary between individuals. Common signs include fatigue and discomfort. Always consult a doctor for personalized advice.","CDC Prevention","Flu Vaccine","MedQuAD/10_CDC_QA/182.xml"
"Treatment for Flu Vaccine?","Treatment for Flu Vaccine involves multiple approaches. Doctors may prescribe medication or lifestyle changes. Always consult a doctor for personalized advice.","CDC Prevention","Flu Vaccine","MedQuAD/10_CDC_QA/183.xml"
"Causes of Flu Vaccine?","The exact causes of Flu Vaccine are complex. Both genetic and environmental factors play a role. Always consult a doctor for personalized advice.","CDC Prevention","Flu Vaccine","MedQuAD/10_CDC_QA/184.xml"
"What is COVID-19 Prevention?","COVID-19 Prevention is a condition requiring evaluation. Various factors contribute to its development. Always consult a doctor for personalized advice.","CDC Prevention","COVID-19 Prevention","MedQuAD/10_CDC_QA/185.xml"
"Symptoms of COVID-19 Prevention?","Symptoms of COVID-19 Prevention can vary between individuals. Common signs include fatigue and discomfort. Always consult a doctor for personalized advice.","CDC Prevention","COVID-19 Prevention","MedQuAD/10_CDC_QA/186.xml"
"Treatment for COVID-19 Prevention?","Treatment for COVID-19 Prevention involves multiple approaches. Doctors may prescribe medication or lifestyle changes. Always consult a doctor for personalized advice.","CDC Prevention","COVID-19 Prevention","MedQuAD/10_CDC_QA/187.xml"
"Causes of COVID-19 Prevention?","The exact causes of COVID-19 Prevention are complex. Both genetic and environmental factors play a role. Always consult a doctor for personalized advice.","CDC Prevention","COVID-19 Prevention","MedQuAD/10_CDC_QA/188.xml"
"What is HPV Screening?","HPV Screening is a condition requiring evaluation. Various factors contribute to its development. Always consult a doctor for personalized advice.","CDC Prevention","HPV Screening","MedQuAD/10_CDC_QA/189.xml"
"Symptoms of HPV Screening?","Symptoms of HPV Screening can vary between individuals. Common signs include fatigue and discomfort. Always consult a doctor for personalized advice.","CDC Prevention","HPV Screening","MedQuAD/10_CDC_QA/190.xml"
"Treatment for HPV Screening?","Treatment for HPV Screening involves multiple approaches. Doctors may prescribe medication or lifestyle changes. Always consult a doctor for personalized advice.","CDC Prevention","HPV Screening","MedQuAD/10_CDC_QA/191.xml"
"Causes of HPV Screening?","The exact causes of HPV Screening are complex. Both genetic and environmental factors play a role. Always consult a doctor for personalized advice.","CDC Prevention","HPV Screening","MedQuAD/10_CDC_QA/192.xml"
"What is Hand Hygiene?","Hand Hygiene is a condition requiring evaluation. Various factors contribute to its development. Always consult a doctor for personalized advice.","CDC Prevention","Hand Hygiene","MedQuAD/10_CDC_QA/193.xml"
"Symptoms of Hand Hygiene?","Symptoms of Hand Hygiene can vary between individuals. Common signs include fatigue and discomfort. Always consult a doctor for personalized advice.","CDC Prevention","Hand Hygiene","MedQuAD/10_CDC_QA/194.xml"
"Treatment for Hand Hygiene?","Treatment for Hand Hygiene involves multiple approaches. Doctors may prescribe medication or lifestyle changes. Always consult a doctor for personalized advice.","CDC Prevention","Hand Hygiene","MedQuAD/10_CDC_QA/195.xml"
"Causes of Hand Hygiene?","The exact causes of Hand Hygiene are complex. Both genetic and environmental factors play a role. Always consult a doctor for personalized advice.","CDC Prevention","Hand Hygiene","MedQuAD/10_CDC_QA/196.xml"
"What is Travel Vaccines?","Travel Vaccines is a condition requiring evaluation. Various factors contribute to its development. Always consult a doctor for personalized advice.","CDC Prevention","Travel Vaccines","MedQuAD/10_CDC_QA/197.xml"
"Symptoms of Travel Vaccines?","Symptoms of Travel Vaccines can vary between individuals. Common signs include fatigue and discomfort. Always consult a doctor for personalized advice.","CDC Prevention","Travel Vaccines","MedQuAD/10_CDC_QA/198.xml"
"Treatment for Travel Vaccines?","Treatment for Travel Vaccines involves multiple approaches. Doctors may prescribe medication or lifestyle changes. Always consult a doctor for personalized advice.","CDC Prevention","Travel Vaccines","MedQuAD/10_CDC_QA/199.xml"
"Causes of Travel Vaccines?","The exact causes of Travel Vaccines are complex. Both genetic and environmental factors play a role. Always consult a doctor for personalized advice.","CDC Prevention","Travel Vaccines","MedQuAD/10_CDC_QA/200.xml"
